<?xml version="1.0" encoding="UTF-8" ?>
<extension type="package" version="2.5.5" method="upgrade">
	<name>DJ-ImageSlider Package</name>
	<packagename>dj-imageslider</packagename>
	<creationDate>2018-12-19</creationDate>
	<author>DJ-Extensions.com</author>
	<copyright>Copyright (C) 2017 DJ-Extensions.com, All rights reserved.</copyright>
	<license> http://www.gnu.org/licenses GNU/GPL</license>
	<authorEmail>contact@dj-extensions.com</authorEmail>
	<authorUrl>http://dj-extensions.com</authorUrl>
	<version>4.0.1</version>
	<url>http://dj-extensions.com</url>
	<packager></packager>
	<packagerurl></packagerurl>
	<description><![CDATA[
		<style type="text/css">
			.djex-info { padding: 20px 30px 10px; margin: 0 0 20px 0; background: #ac00d4; color: #fff; border: 1px solid #81009f; font-family: Arial, Helvetica, sans-serif; font-size: 13px; font-weight: normal; -webkit-border-radius: 4px; border-radius: 4px; }
			.djex-title { text-transform: uppercase; font-weight: bold; font-size: 14px; }
			.djex-info a:link, .djex-info a:visited, .djex-info a:hover { color:#fff; text-decoration:underline; font-weight: 600; }	
			.djex-info img { float: left; margin: 0 30px 10px 0; }
		</style>
		<div class="djex-info">
			<a href="index.php?option=com_djimageslider"><img src="components/com_djimageslider/assets/ex_slider.png" /></a>
			<p class="djex-title">Thank you for installing DJ-ImageSlider!</p>
			<p>The DJ-ImageSlider extension allows you to display slideshows containing slides with title and short description linked to any menu item, article or custom url address. 
			If you want to learn how to use DJ-ImageSlider please read <a target="_blank" href="http://dj-extensions.com/documentation">Documentation</a> and <a target="_blank" href="http://dj-extensions.com/faq">FAQ section</a></p>
			<p>Check out our other extensions at <a target="_blank" href="http://dj-extensions.com">DJ-Extensions.com</a></p>
			<div style="clear:both"></div>
		</div>
		]]></description>
	<files>
	        <file type="component" client="admin" id="com_djimageslider">com_djimageslider.zip</file>
	        <file type="module" client="site" id="mod_djimageslider">mod_djimageslider.zip</file>
	</files>
	<updateservers>
		<server type="extension" priority="1" name="DJ-ImageSlider Package">http://dj-extensions.com/updates/djimageslider.xml</server>
	</updateservers>
</extension>
