<?xml version="1.0" encoding="utf-8"?>
<!DOCTYPE install PUBLIC "-//Joomla! 1.6//DTD template 1.0//EN" "http://www.joomla.org/xml/dtd/1.6/template-install.dtd">
<extension version="3.0" type="template" client="site" method="upgrade">
	<name>J51_Ashley</name>
	<version>1.0</version>
	<creationDate>January 2016</creationDate>
	<author>Joomla51</author>
	<authorEmail>info@joomla51.com</authorEmail>
	<authorUrl>http://www.joomla51.com</authorUrl>
	<copyright>Joomla51</copyright>      
	<description><![CDATA[<link href="../templates/j51_ashley/css/admin.css" rel="stylesheet" type="text/css" media="all" />
                  <!--
                  #wrap1 {padding:0px 0px 4px 0px;}
                  h1 {clear:both;font-family: Arial Narrow,sans-serif;font-size:18px;margin:0px 0px 12px 0px;padding:0px 0px 1px 10px;color:#C64934; a:}
                  .wrap2 {background:#fff;border:1px solid #8F8F8F;padding:10px; color:#403d6a;}
                  -->
                  </style><div class="moduleinfo">
<img src="../templates/j51_ashley/template_thumbnail.png" border="0" style="padding: 10px 0;"/>

<p>
	As the seasons change and a New Year begins we look forward to the coming of Spring with longer days and brighter evenings. Ashley's reflects this with it's light design and clean styling. Ideally suited to bring a bright and radiant feel to your Joomla website design, Ashley boasts a host of features to easily kick start your next project. Endless styling options along with a handsome selection of easy to use module extensions will allow you to craft the perfect website for you or your client!
</p>

<p><a class="btn" style="margin-right:10px;" target="_blank" href="http://www.joomla51.com/">Joomla51</a><a class="btn btn-primary" target="_blank" href="http://www.joomla51.com/tutorials" style="margin-right:10px;">Template Tutorials</a><a class="btn btn-danger" style="margin-right:10px;" target="_blank" href="http://joomla51.com/joomla-templates/j51-ashley">BUY FULL EDITION</a></p>

  </div>
  ]]></description>
  
  	<languages folder="language">
		<language tag="en-GB">en-GB/en-GB.tpl_j51_ashley.ini</language>
	</languages>
	

	<files>
		<filename>index.php</filename>
		<filename>templateDetails.xml</filename>
		<filename>template_thumbnail.png</filename>
		<filename>template_preview.png</filename>
		<filename>favicon.ico</filename>
		<filename>component.php</filename>
		<folder>css/</folder>
		<folder>html/</folder>
		<folder>images/</folder>
		<folder>fonts/</folder>
		<folder>js/</folder>
		<folder>language/</folder>
		<folder>elements/</folder>
		<folder>php/</folder>
	</files>

	<positions>		
		<position>header-1</position>
		<position>header-2</position>
		<position>showcase</position>
		<position>breadcrumb</position>
		<position>top-1a</position>
		<position>top-1b</position>
		<position>top-1c</position>
		<position>top-1d</position>
		<position>top-1e</position>
		<position>top-1f</position>
	    <position>top-2a</position>
		<position>top-2b</position>
		<position>top-2c</position>
		<position>top-2d</position>
		<position>top-2e</position>
		<position>top-2f</position>
	    <position>top-3a</position>
		<position>top-3b</position>
		<position>top-3c</position>
		<position>top-3d</position>
		<position>top-3e</position>
		<position>top-3f</position>
		<position>sidecol-a</position>
		<position>sidecol-b</position>	
		<position>contenttop-a</position>
		<position>contenttop-b</position>
		<position>contenttop-c</position>		
		<position>contentbottom-a</position>	
		<position>contentbottom-b</position>
		<position>contentbottom-c</position>		
		<position>bottom-1a</position>
		<position>bottom-1b</position>
		<position>bottom-1c</position>
		<position>bottom-1d</position>
		<position>bottom-1e</position>
		<position>bottom-1f</position>
		<position>bottom-2a</position>
		<position>bottom-2b</position>
		<position>bottom-2c</position>
		<position>bottom-2d</position>
		<position>bottom-2e</position>
		<position>bottom-2f</position>	
	    <position>base-1a</position>
		<position>base-1b</position>
		<position>base-1c</position>
		<position>base-1d</position>
		<position>base-1e</position>
		<position>base-1f</position>
		<position>base-2a</position>
		<position>base-2b</position>
		<position>base-2c</position>
		<position>base-2d</position>
		<position>base-2e</position>
		<position>base-2f</position>	
		<position>footer-1</position>
		<position>footer-2</position>	
		<position>hornav</position>
		<position>footermenu</position>
	</positions>


<config>
<fields name="params" addfieldpath="/templates/j51_ashley/elements">

	<fieldset name="H3STYLES">
 	 	<field label="FULL_INFO" type="spacer" class="alert alert-grey full-info"/> 	
		<field label="BG_INFO" type="spacer" class="alert alert-grey"/>
		<field name="bgcolor" type="color" default="#eef0eb" label="Background Color" description="Select the color for your background" />
		<field name="headerslideshow"
			type="Repeatable"
			select="List/Add Background Image(s)"
			icon="list"
			description="Background Image(s)"
			label="Background Image(s)">
			<fields name="params">
			<fieldset hidden="true" name="header_slides_modal" repeat="true">
				<field name="header_slide_image" type="media" default="" label="Background Image" description="Select your background image(s)" directory="/" filter="" exclude="" stripext="" />
			</fieldset>
			</fields>
		</field>	
		<field name="headerslideinterval" type="text" default="5000" size="40" label="Background Slide Interval" description="Header images slide interval (ms, 1000 = 1 second )" />	
		<field name="header_color" type="color" disabled="true" default="#ffffff" label="Header Background" description="Select the color of the background to the header area" />
		<field name="showcase_color" type="color" disabled="true" default="#ffffff" label="Showcase Background Color" description="Select the background color of the showcase module area" />
		<field name="top1_color" type="color" disabled="true" default="#ffffff" label="Top-1 Background Color" description="Select the background color of the top-1# modules" />
		<field name="top1_bg" type="mediadisabled" default="" label="Top-1 Background Image" description="Select your top-1 background image" directory="/" filter="" exclude="" stripext="" />

		<field name="top2_color" type="color" disabled="true" default="#f0f0f0" label="Top-2 Background Color" description="Select the color of the background to the top-2# modules" />
		<field name="top2_bg" type="mediadisabled" default="" label="Top-2 Background Image" description="Select your top-2 background image" directory="/" filter="" exclude="" stripext="" />
		
		<field name="top3_color" type="color" disabled="true" default="#ffffff" label="Top-3 Background Color" description="Select the color of the background to the top-3# modules" />
		<field name="top3_bg" type="mediadisabled" default="" label="Top-3 Background Image" description="Select your top-3 background image" directory="/" filter="" exclude="" stripext="" />
		

		<field name="elementcolor3" type="color" disabled="true" default="#ffffff" label="Article Background Color" description="Select the color of the component/article area of your template." />
		<field name="elementcolor7" type="color" disabled="true" default="#ffffff" label="Sidecolumn Color" description="Select the background color of the sidecol-a and sidecol-b module positions" />

		<field name="elementcolor16" type="color" disabled="true" default="#f0f0f0" label="Bottom-1 Background Color" description="Select the color of the background to the bottom-1# modules" />
		<field name="bottom1_bg" type="mediadisabled" default="" label="Bottom-1 Background Image" description="Select your bottom-1 background image" directory="/" filter="" exclude="" stripext="" />

		<field name="elementcolor18" type="color" disabled="true" default="#ffffff" label="Bottom-2 Background Color" description="Select the color of the background to the bottom-2# modules" />
		<field name="bottom2_bg" type="mediadisabled" default="" label="Bottom-2 Background Image" description="Select your bottom-2 background image" directory="/" filter="" exclude="" stripext="" />

		<field name="elementcolor9" type="color" disabled="true" default="#292929" label="Base-1 Background Color" description="Select the color of the background to the base-1 modules" />

		<field name="elementcolor17" type="color" disabled="true" default="#242424" label="Base-2 Background Color" description="Select the color of the background to the base-2 modules" />

		<field label="FONTFACESETTINGS_INFO" type="spacer" class="alert alert-grey"/>

		<field name="body_fontsize" type="list" default="14px" label="Body Font Size" description="Choose bodyfont size">
		<option value="12px">Small</option>
		<option value="14px">Medium</option>
		<option value="16px">Large</option>
		</field>
		
		<field name="body_fontstyle" type="GoogleFonts" default="Fauna+One" label="Body font" description="Select Body font">
		<option value="font1">font1</option>
		</field>

		<field name="h1head_fontstyle" type="GoogleFonts" default="Playfair+Display" label="(H1) Category Title font" description="Select H1 header font">
		<option value="font1">font1</option>
		</field>
		
		<field name="articlehead_fontstyle" type="GoogleFonts" default="Playfair+Display" label="(H2) Article Title font" description="Select article head font">
		<option value="font1">font1</option>
		</field>
		
		<field name="modulehead_fontstyle" type="GoogleFonts" default="Playfair+Display" label="(H3) Module Title font" description="Select module head font">
		<option value="font1">font1</option>
		</field>

		<field name="h4head_fontstyle" type="GoogleFonts" default="Fauna+One" label="(H4) Heading font" description="Select H4 heading font">
		<option value="font1">font1</option>
		</field>
		
		<field name="hornav_fontstyle" type="GoogleFonts" default="Raleway" label="Hornav Menu font" description="Select hornav menu font">
		<option value="font1">font1</option>
		</field>

		<field name="font_subset" type="text" default="latin" size="40" label="Google Subset Info" description="Google Subset Info. Eg. latin,greek" />

		<field name="fontawesome_sw" type="radio" label="Load Font Awesome" description="Load Font Awesome icons" default="1" 
			checked="checked" 
			class="btn-group">
		<option value="0">JNO</option>
		<option value="1">JYES</option>
		</field>
		
		<field label="FONTLINKCOLORSETTINGS_INFO" type="spacer" class="alert alert-grey"/>
		
		<field name="body_font_color" type="color" default="#767b77" label="Body Font Color" description="Select the color for the body font" />
		<field name="h1_font_color" type="color" default="#767b77" label="(H1) Category Title Color" description="Select the color for Category Titles" />
		<field name="articletitle_font_color" type="color" default="#4a4a4a" label="(H2) Article Title Color" description="Select the color for Article Titles" />
		<field name="modulehead_font_color" type="color" default="#767b77" label="(H3) Module Title Color" description="Select the color for moduleshead text color" />
		<field name="h4_font_color" type="color" default="#75a8b4" label="(H4) Color" description="Select the color for H4 headings" />		
		<field name="content_link_color" type="color" default="#75a8b4" label="Link Color" description="Select the color for content links" />	
		<field name="button_color" type="color" default="#75a8b4" label="Button Color" description="Select the color for content buttons" />
		<field name="button_hover_color" type="color" default="#547d87" label="Button Hover Color" description="Select the hover color for content buttons" />		
	</fieldset>

	<fieldset name="H3MENUS">	
		<field label="HORNAVMENU_INFO" type="spacer" class="alert alert-grey"/>	
		<field name="hornav_menu" type="menu" default="mainmenu" label="Select Top Menu" description="Select Top Menu" />	
		<field name="hornav_font_color" type="color" default="#787878" label="Menu Item Color" description="Menu Item Color" />
		<field name="elementcolor15" type="color" default="#75A8B4" label="Menu Item Hover Color" description="Menu Item Hover Color" />
		<field name="hornav_ddbackground_color" type="color" default="#f0f0f0" label="Dropdown Background Color" description="Hornav Background Color" />
		<field name="hornavPosition"
			type="radio" 
			label="Convert to Module Position (hornav) " 
			description="Select Yes to create 'hornav' module position" 
			default="0" 
			checked="checked" 
			class="btn-group">
		<option value="0">JNO</option>
		<option value="1">JYES</option>
		</field>
		<field label="HORNAV_MODULE_NOTICE" type="spacer" class="alert alert-blue"/>
				
		<field label="FOOTERMENU_INFO" type="spacer" class="alert alert-grey"/>	
		<field name="footer_menu" type="menu" default="mainmenu" label="Select Footer menu" description="Select Footer Menu" />		
		<field name="footermenuPosition"
			type="radio" 
			label="Convert to Module Position (footermenu) " 
			description="Select Yes to create 'footermenu' module position" 
			default="0" 
			checked="checked" 
			class="btn-group">	
		<option value="0">JNO</option>
		<option value="1">JYES</option>
		</field>			
		</fieldset>

	<fieldset name="H3LOGO">
 	 	<field label="FULL_INFO" type="spacer" class="alert alert-grey full-info"/> 
		<field name="logoimagefile" type="media" default="" label="Logo Image" description="select your logo image" directory="/" filter="" exclude="" stripext="" />	
		<field name="logo_x" type="textpx" default="0" size="2" label="X Offset" description="X Position for Logo" />
		<field name="logo_y" type="textpx" default="0" size="2" label="Y Offset" description="Y Position for Logo" />
		<field name="logoText" type="text" default="ASHLEY" size="40" label="Logo Text" description="Logo Text" />
		<field name="logo_font_color" type="color" default="#8b8b8c" label="Logo Text Color" description="Logo Text Color" />
		<field name="sloganText" type="text" default="" size="40" label="Slogan Text" description="Slogan Text" />
		<field name="slogan_font_color" type="color" default="#767676" label="Slogan Text Color" description="Slogan Text Color" />									
	</fieldset>
	
	<fieldset name="H3LAYOUT">
 	 	<field label="FULL_INFO" type="spacer" class="alert alert-grey full-info"/> 
		<field name="wrapper_width" type="textpx" disabled="true" default="1120" label="Template Width" description="Enter the width of your Site Wrapper (pixels)." />
		<field label="SIDECOLSETTINGS_INFO" type="spacer" default="SIDECOLSETTINGS_INFO" class="alert alert-grey"/>
		<field name="column_layout" type="radio" default="SCOLA-COM-SCOLB" label="Side Column Layout" description="Side Column Layout" 
			checked="checked" 
			class="btn-group">
			<option value="SCOLA-SCOLB-COM">S-S-C</option>
			<option value="SCOLA-COM-SCOLB">S-C-S</option>
			<option value="COM-SCOLA-SCOLB">C-S-S</option>
		</field>				
		<field name="sidecola_width" type="textpercent" disabled="true" default="25" label="SideCol-A Width (%)" description="Enter the width of the Side Column A in pixels." />
		<field name="sidecolb_width" type="textpercent" disabled="true" default="25" label="SideCol-B Width (%)" description="Enter the width of the Side Column B pixels." />				
	</fieldset>
	
	<fieldset name="H3RESPONSIVE">		
		<field name="responsive_sw" type="radio" label="Responsive Layout" description="Responsive Layout" default="1" 
			checked="checked" 
			class="btn-group">
		<option value="0">JNO</option>
		<option value="1">JYES</option>
		</field>
		<field name="menu_break" type="textpx" default="1120" size="2" label="Menu Break Point" description="Set the screen width for your menu swith to mobile view" />
		<field name="sidecol_responsive_pos" type="radio" label="Sidecolumn Positioning" description="Sidecol position relative to the component area on smaller screen devices" default="before" 
			checked="checked" 
			class="btn-group">
		<option value="before">Before Component</option>
		<option value="after">After Component</option>
		</field>
		
		<field label="RESPONSIVE_NOTICE2" type="spacer" class="alert alert-blue"/>
		<field name="res_header_sw" type="radio" label="Header Modules" description="Responsive Layout" default="1" 
			checked="checked" 
			class="btn-group">
		<option value="0">JNO</option>
		<option value="1">JYES</option>
		</field>
		<field name="res_top1_sw" type="radio" label="Top-1 Modules" description="Responsive Layout" default="1" 
			checked="checked" 
			class="btn-group">
		<option value="0">JNO</option>
		<option value="1">JYES</option>
		</field>
		<field name="res_top2_sw" type="radio" label="Top-2 Modules" description="Responsive Layout" default="1" 
			checked="checked" 
			class="btn-group">
		<option value="0">JNO</option>
		<option value="1">JYES</option>
		</field>
		<field name="res_top3_sw" type="radio" label="Top-3 Modules" description="Responsive Layout" default="1" 
			checked="checked" 
			class="btn-group">
		<option value="0">JNO</option>
		<option value="1">JYES</option>
		</field>
		<field name="res_sidecola_sw" type="radio" label="Sidecol-a Modules" description="Responsive Layout" default="1" 
			checked="checked" 
			class="btn-group">
		<option value="0">JNO</option>
		<option value="1">JYES</option>
		</field>
		<field name="res_sidecolb_sw" type="radio" label="Sidecol-b Modules" description="Responsive Layout" default="1" 
			checked="checked" 
			class="btn-group">
		<option value="0">JNO</option>
		<option value="1">JYES</option>
		</field>
		<field name="res_bottom_sw" type="radio" label="Bottom Modules" description="Responsive Layout" default="1" 
			checked="checked" 
			class="btn-group">
		<option value="0">JNO</option>
		<option value="1">JYES</option>
		</field>
		<field name="res_base_sw" type="radio" label="Base Modules" description="Responsive Layout" default="1" 
			checked="checked" 
			class="btn-group">
		<option value="0">JNO</option>
		<option value="1">JYES</option>
		</field>
		<field label="RESPONSIVECUSTOM_INFO" type="spacer" class="alert alert-grey"/>
		<field name="tabport_css" type="textarea" filter="raw" default="" label="Tablet (Portrait) Custom CSS" description="Add your Custom CSS for Tablets (portrait)." rows="10" cols="40" />
		<field name="mobland_css" type="textarea" filter="raw" default="" label="Phone (L/scape) Custom CSS" description="Add your Custom CSS for Phones (landscape." rows="10" cols="40" />
		<field name="mobport_css" type="textarea" filter="raw" default="" label="Phone (Portrait) Custom CSS" description="Add your Custom CSS for Phones (portrait)." rows="10" cols="40" />
	</fieldset>
	
	
	<fieldset name="H3MODULEWIDTHS">
		<field label="FULL_INFO" type="spacer" class="alert alert-grey full-info"/>
		<field label="MODULES_INFO"  type="spacer" class="alert alert-blue"/>
		<field label="MODULES_NOTICE" type="spacer" class="alert alert-warning"/>   
		<field label="TOP1MODULES_INFO" type="spacer" class="alert alert-grey"/>       

		<field name="top1_padding" type="radio" label="Remove Container Padding" description="Remove padding from the containing div of these modules" default="0" checked="checked" class="btn-group">
			<option value="0">JNO</option>
			<option value="1">JYES</option>
		</field>  
		<field name="top1_auto" type="buttondisabled" label="Enable Manual Widths" description="Select Yes for manual widths" default="0" checked="checked" class="btn-group">
			<option value="0">JNO</option>
			<option value="1">JYES</option>
		</field>    
		<field name="top_1a_manual" type="textpercent" default="16.6" label="Top-1a width" description="Enter value for module width" disabled="true" />
		<field name="top_1b_manual" type="textpercent" default="16.6" label="Top-1b width" description="Enter value for module width" disabled="true" />
		<field name="top_1c_manual" type="textpercent" default="16.6" label="Top-1c width" description="Enter value for module width" disabled="true" />
		<field name="top_1d_manual" type="textpercent" default="16.6" label="Top-1d width" description="Enter value for module width" disabled="true" />
		<field name="top_1e_manual" type="textpercent" default="16.6" label="Top-1e width" description="Enter value for module width" disabled="true" />
		<field name="top_1f_manual" type="textpercent" default="16.6" label="Top-1f width" description="Enter value for module width" disabled="true" />
	   
		<field label="TOP2MODULES_INFO" type="spacer" class="alert alert-grey"/>

		<field name="top2_padding" type="radio" label="Remove Container Padding" description="Remove padding from the containing div of these modules" default="0" checked="checked" class="btn-group">
			<option value="0">JNO</option>
			<option value="1">JYES</option>
		</field>   
		<field name="top2_auto" type="buttondisabled" label="Enable Manual Widths" description="Select Yes for manual widths" default="0" checked="checked" class="btn-group">
			<option value="0">JNO</option>
			<option value="1">JYES</option>
		</field>
		<field name="top_2a_manual" type="textpercent" default="16.6" size="2" label="Top-2a width (%)" description="Enter value for module width" disabled="true" />
		<field name="top_2b_manual" type="textpercent" default="16.6" size="2" label="Top-2b width (%)" description="Enter value for module width" disabled="true" />
		<field name="top_2c_manual" type="textpercent" default="16.6" size="2" label="Top-2c width (%)" description="Enter value for module width" disabled="true" />
		<field name="top_2d_manual" type="textpercent" default="16.6" size="2" label="Top-2d width (%)" description="Enter value for module width" disabled="true" />
		<field name="top_2e_manual" type="textpercent" default="16.6" size="2" label="Top-2e width (%)" description="Enter value for module width" disabled="true" />
		<field name="top_2f_manual" type="textpercent" default="16.6" size="2" label="Top-2f width (%)" description="Enter value for module width" disabled="true" />
		
		<field label="TOP3MODULES_INFO" type="spacer" class="alert alert-grey"/>

		<field name="top3_padding" type="radio" label="Remove Container Padding" description="Remove padding from the containing div of these modules" default="0" checked="checked" class="btn-group">
			<option value="0">JNO</option>
			<option value="1">JYES</option>
		</field>  
		<field name="top3_auto" type="buttondisabled" label="Enable Manual Widths" description="Select Yes for manual widths" default="0" checked="checked" class="btn-group">
			<option value="0">JNO</option>
			<option value="1">JYES</option>
		</field> 
		<field name="top_3a_manual" type="textpercent" default="16.6" size="2" label="Top-3a width (%)" description="Enter value for module width" disabled="true" />
		<field name="top_3b_manual" type="textpercent" default="16.6" size="2" label="Top-3b width (%)" description="Enter value for module width" disabled="true" />
		<field name="top_3c_manual" type="textpercent" default="16.6" size="2" label="Top-3c width (%)" description="Enter value for module width" disabled="true" />
		<field name="top_3d_manual" type="textpercent" default="16.6" size="2" label="Top-3d width (%)" description="Enter value for module width" disabled="true" />
		<field name="top_3e_manual" type="textpercent" default="16.6" size="2" label="Top-3e width (%)" description="Enter value for module width" disabled="true" />
		<field name="top_3f_manual" type="textpercent" default="16.6" size="2" label="Top-3f width (%)" description="Enter value for module width" disabled="true" />
	   
		<field label="CONTENTTOPMODULES_INFO" type="spacer" class="alert alert-grey"/>
		<field name="contenttop_auto" type="buttondisabled" label="Enable Manual Widths" description="Select Yes for manual widths" default="0" checked="checked" class="btn-group">
			<option value="0">JNO</option>
			<option value="1">JYES</option>
		</field>
		<field name="contenttop_a_manual" type="textpercent" default="33" size="2" label="ContentTop-a Width (%)" description="Enter value for module width" disabled="true" />
		<field name="contenttop_b_manual" type="textpercent" default="33" size="2" label="ContentTop-b Width (%)" description="Enter value for module width" disabled="true" />
		<field name="contenttop_c_manual" type="textpercent" default="33" size="2" label="ContentTop-c Width (%)" description="Enter value for module width" disabled="true" />
	   
		<field label="CONTENTBOTTOMMODULES_INFO" type="spacer" class="alert alert-grey"/>
		<field name="contentbottom_auto" type="buttondisabled" label="Enable Manual Widths" description="Select Yes for manual widths" default="0" checked="checked" class="btn-group">
			<option value="0">JNO</option>
			<option value="1">JYES</option>
		</field>
		<field name="contentbottom_a_manual" type="textpercent" default="33" size="2" label="ContentBottom-a Width (%)" description="Enter value for module width" disabled="true" />
		<field name="contentbottom_b_manual" type="textpercent" default="33" size="2" label="ContentBottom-b Width (%)" description="Enter value for module width" disabled="true" />
		<field name="contentbottom_c_manual" type="textpercent" default="33" size="2" label="ContentBottom-c Width (%)" description="Enter value for module width" disabled="true" />
	   
		<field label="BOTTOM1MODULES_INFO" type="spacer" class="alert alert-grey"/>

		<field name="bottom_padding" type="radio" label="Remove Container Padding" description="Remove padding from the containing div of these modules" default="0" checked="checked" class="btn-group">
			<option value="0">JNO</option>
			<option value="1">JYES</option>
		</field>   
		<field name="bottom1_auto" type="buttondisabled" label="Enable Manual Widths" description="Select Yes for manual widths" default="0" checked="checked" class="btn-group">
			<option value="0">JNO</option>
			<option value="1">JYES</option>
		</field>
		<field name="bottom_1a_manual" type="textpercent" default="16.6" size="2" label="Bottom-1a Width (%)" description="Enter value for module width" disabled="true" />
		<field name="bottom_1b_manual" type="textpercent" default="16.6" size="2" label="Bottom-1b Width (%)" description="Enter value for module width" disabled="true" />
		<field name="bottom_1c_manual" type="textpercent" default="16.6" size="2" label="Bottom-1c Width (%)" description="Enter value for module width" disabled="true" />
		<field name="bottom_1d_manual" type="textpercent" default="16.6" size="2" label="Bottom-1d Width (%)" description="Enter value for module width" disabled="true" />
		<field name="bottom_1e_manual" type="textpercent" default="16.6" size="2" label="Bottom-1e Width (%)" description="Enter value for module width" disabled="true" />
		<field name="bottom_1f_manual" type="textpercent" default="16.6" size="2" label="Bottom-1f Width (%)" description="Enter value for module width" disabled="true" />
	   
		<field label="BOTTOM2MODULES_INFO" type="spacer" class="alert alert-grey"/>

		<field name="bottom2_padding" type="radio" label="Remove Container Padding" description="Remove padding from the containing div of these modules" default="0" checked="checked" class="btn-group">
			<option value="0">JNO</option>
			<option value="1">JYES</option>
		</field> 
		<field name="bottom2_auto" type="buttondisabled" label="Enable Manual Widths" description="Select Yes for manual widths" default="0" checked="checked" class="btn-group">
			<option value="0">JNO</option>
			<option value="1">JYES</option>
		</field>
		<field name="bottom_2a_manual" type="textpercent" default="16.6" size="2" label="Bottom-2a Width (%)" description="Enter value for module width" disabled="true" />
		<field name="bottom_2b_manual" type="textpercent" default="16.6" size="2" label="Bottom-2b Width (%)" description="Enter value for module width" disabled="true" />
		<field name="bottom_2c_manual" type="textpercent" default="16.6" size="2" label="Bottom-2c Width (%)" description="Enter value for module width" disabled="true" />
		<field name="bottom_2d_manual" type="textpercent" default="16.6" size="2" label="Bottom-2d Width (%)" description="Enter value for module width" disabled="true" />
		<field name="bottom_2e_manual" type="textpercent" default="16.6" size="2" label="Bottom-2e Width (%)" description="Enter value for module width" disabled="true" />
		<field name="bottom_2f_manual" type="textpercent" default="16.6" size="2" label="Bottom-2f Width (%)" description="Enter value for module width" disabled="true" />
	   
		<field label="BASE1MODULES_INFO" type="spacer" class="alert alert-grey"/>

		<field name="base1_padding" type="radio" label="Remove Container Padding" description="Remove padding from the containing div of these modules" default="0" checked="checked" class="btn-group">
			<option value="0">JNO</option>
			<option value="1">JYES</option>
		</field> 
		<field name="base1_auto" type="buttondisabled" label="Enable Manual Widths" description="Select Yes for manual widths" default="0" checked="checked" class="btn-group">
			<option value="0">JNO</option>
			<option value="1">JYES</option>
		</field>
		<field name="base_1a_manual" type="textpercent" default="16.6" size="2" label="Base-1a Width (%)" description="Enter value for module width" disabled="true" />
		<field name="base_1b_manual" type="textpercent" default="16.6" size="2" label="Base-1b Width (%)" description="Enter value for module width" disabled="true" />
		<field name="base_1c_manual" type="textpercent" default="16.6" size="2" label="Base-1c Width (%)" description="Enter value for module width" disabled="true" />
		<field name="base_1d_manual" type="textpercent" default="16.6" size="2" label="Base-1d Width (%)" description="Enter value for module width" disabled="true" />
		<field name="base_1e_manual" type="textpercent" default="16.6" size="2" label="Base-1e Width (%)" description="Enter value for module width" disabled="true" />
		<field name="base_1f_manual" type="textpercent" default="16.6" size="2" label="Base-1f Width (%)" description="Enter value for module width" disabled="true" />
	   
		<field label="BASE2MODULES_INFO" type="spacer" class="alert alert-grey"/>

		<field name="base2_padding" type="radio" label="Remove Container Padding" description="Remove padding from the containing div of these modules" default="0" checked="checked" class="btn-group">
			<option value="0">JNO</option>
			<option value="1">JYES</option>
		</field> 
		<field name="base2_auto" type="buttondisabled" label="Enable Manual Widths" description="Select Yes for manual widths" default="0" checked="checked" class="btn-group">
			<option value="0">JNO</option>
			<option value="1">JYES</option>
		</field>
		<field name="base_2a_manual" type="textpercent" default="16.6" size="2" label="Base-2a Width (%)" description="Enter value for module width" disabled="true" />
		<field name="base_2b_manual" type="textpercent" default="16.6" size="2" label="Base-2b Width (%)" description="Enter value for module width" disabled="true" />
		<field name="base_2c_manual" type="textpercent" default="16.6" size="2" label="Base-2c Width (%)" description="Enter value for module width" disabled="true" />
		<field name="base_2d_manual" type="textpercent" default="16.6" size="2" label="Base-2d Width (%)" description="Enter value for module width" disabled="true" />
		<field name="base_2e_manual" type="textpercent" default="16.6" size="2" label="Base-2e Width (%)" description="Enter value for module width" disabled="true" />
		<field name="base_2f_manual" type="textpercent" default="16.6" size="2" label="Base-2f Width (%)" description="Enter value for module width" disabled="true" />   
	</fieldset>
	
	<fieldset name="H3COPYRIGHT">		
		<field label="COPYRIGHT_INFO" type="spacer" class="alert alert-blue"/>
		<field name="copyright" type="text" size="80" filter="raw" default="(c) 2015 Your Copyright Info" label="Copyright" description="Copyright Text" />
	</fieldset>
	
	<fieldset name="H3SOCIAL">
		<field label="SOCIAL_INFO" type="spacer" class="alert alert-blue"/>	
		<field name="social_style" type="color" default="#767676" label="Social Icons Color" description="Set the color of your Social Icons" />
		<field name="social_rss" type="text" size="40" default="" label=" RSS Feed Url" description="RSS Feed URL" />
		<field name="social_twitter" type="text" size="40" default="" label="Twitter Url" description="Twitter URL" />
		<field name="social_facebook" type="text" size="40" default="" label="Facebook Url" description="Facebook URL" />
		<field name="social_googleplus" type="text" size="40" default="" label="Google+ Url" description="Google+ URL" />
		<field name="social_youtube" type="text" size="40" default="" label="Youtube Url" description="Youtube URL" />
		<field name="social_pinterest" type="text" size="40" default="" label="Pinterest Url" description="Pinterest URL" />
		<field name="social_instagram" type="text" size="40" default="" label="Instagram Url" description="Instagram URL" />
		<field name="social_dribbble" type="text" size="40" default="" label="Dribbble Url" description="Dribbble URL" />
		<field name="social_flickr" type="text" size="40" default="" label="Flickr Url" description="Flickr URL" />
		<field name="social_linkedin" type="text" size="40" default="" label="LinkedIn Url" description="LinkedIn URL" />
		<field name="social_vimeo" type="text" size="40" default="" label="Vimeo Url" description="Vimeo URL" />
		<field name="social_yahoo" type="text" size="40" default="" label="Yahoo Url" description="Yahoo URL" />
		<field name="social_tumblr" type="text" size="40" default="" label="Tumblr Url" description="Tumblr URL" />
		<field name="social_custom"
			type="Repeatable"
			select="List/Add Custom Icons"
			icon="list"
			description="Custom Icons"
			label="Custom Social Icons">
			<fields name="params">
			<fieldset hidden="true" name="list_templates_modal" repeat="true">
				<field name="social_custom_icon" type="text" size="40" default="" label="Custom Icon" description="Add Font Awesome icon class name (eg. fa-coffee)" />
				<field name="social_custom_name" type="text" size="40" default="" label="Icon Title" description="Add your icon title" />
				<field name="social_custom_url" type="text" size="40" default="" label="Icon Url" description="Add the linking URL of your icon" />
				<field name="social_custom_hover" type="color" size="40" default="" label="Icon Hover Color" description="Background color of your icon on hover" />
			</fieldset>
			</fields>
		</field>
	</fieldset>
	
	<fieldset name="H3CUSTOMCSS">		
		<field label="CUSTOMCSS_INFO" type="spacer" class="alert alert-blue"/>
		<field name="custom_css" type="textarea" filter="raw" default="" label="Custom CSS" description="Add your custom CSS here." rows="10" cols="100" />
		<field name="custom_css_note" type="note" description="Note: If you find you have a large amount of Custom CSS in the field above, you can copy it's contents to your templates custom.css (../templates/[YourTemplate]/css/custom.css) with the same effect. Ensure to first enable the custom.css option below." />
		<field name="customcss_sw" type="radio" label="Load custom.css" description="Load custom.css" default="0" 
			checked="checked" 
			class="btn-group">
		<option value="0">JNO</option>
		<option value="1">JYES</option>
		</field>
	</fieldset>
	
	<fieldset name="H3CUSTOMCODE">		
		<field label="CUSTOM_CODE" type="spacer" class="alert alert-blue"/>
		<field name="head_custom_code" type="textarea" filter="raw" default="" label="Head Custom Code" description="Code will be placed between the HEAD tags in your index.php" rows="10" cols="100" />
		<field name="body_custom_code" type="textarea" filter="raw" default="" label="Body Custom Code" description="Code will be placed between the BODY tags in your index.php" rows="10" cols="100" />
	</fieldset>

	</fields>
	
</config>

</extension>