<?xml version="1.0" encoding="utf-8"?>
<extension type="module" version="2.5" client="site" method="upgrade">
	<name>J51_LayerSlideshow</name>
	<author>Joomla51</author>
	<creationDate>October 2015</creationDate>
	<copyright>Copyright (C)2014 Joomla51</copyright>
	<license>GNU General Public License version 2 or later</license>
	<authorEmail>info@joomla51.com</authorEmail>
	<authorUrl>http://www.joomla51.com</authorUrl>
	<version>1.0</version>
	<description><![CDATA[<link href="../modules/mod_j51layerslideshow/css/admin.css" rel="stylesheet" type="text/css" media="all" />LayerSlideshow module by Joomla51]]></description>

	<files>
		<filename module="mod_j51layerslideshow">mod_j51layerslideshow.php</filename>
		<filename module="mod_j51layerslideshow">mod_j51layerslideshow.xml</filename>
		<filename module="mod_j51layerslideshow">helper.php</filename>
		<filename module="mod_j51layerslideshow">License.txt</filename>		
		<filename module="mod_j51layerslideshow">index.html</filename>
		<folder>css</folder>
		<folder>js</folder>
		<folder>tmpl</folder>
		<folder>elements</folder>
		<folder>language</folder>
	</files>
	<languages>
		<language tag="en-GB">language/en-GB/en-GB.mod_j51layerslideshow.ini</language>
	</languages>
	<config>	
		<fields name="params" addfieldpath="/modules/j51_layerslideshow/elements">
			
			<fieldset name="MOD_J51_GENERALSETTINGS">

				<field name="j51slideimages" type="subform" formsource="modules/mod_j51layerslideshow/elements/subform.xml" class="advancedSelect" min="1" max="20" multiple="true" layout="joomla.form.field.subform.repeatable" groupByFieldset="true" label="Slides(s)" description="Add slide details(s)" />	

				<field name="speed" type="text" default="600" label="Transition Duration" description="Select your Transition Duration" />
				<field name="autoplaySpeed" type="text" default="5000" label="Slide Interval" description="Select the interval between each slide" />
				<field name="j51_title_color" type="color" default="#ffffff" label="Title Color" description="Title Color" />
				<field name="j51_text_color" type="color" default="#ffffff" label="Caption Color" description="Caption Color" />

			</fieldset>
			
			<fieldset name="advanced">
				<field
					name="layout"
					type="modulelayout"
					label="JFIELD_ALT_LAYOUT_LABEL"
					description="JFIELD_ALT_MODULE_LAYOUT_DESC" />

				<field
					name="moduleclass_sfx"
					type="text"
					label="COM_MODULES_FIELD_MODULECLASS_SFX_LABEL"
					description="COM_MODULES_FIELD_MODULECLASS_SFX_DESC" />

				<field
					name="cache"
					type="list"
					default="1"
					label="COM_MODULES_FIELD_CACHING_LABEL"
					description="COM_MODULES_FIELD_CACHING_DESC">
					<option
						value="1">JGLOBAL_USE_GLOBAL</option>
					<option
						value="0">COM_MODULES_FIELD_VALUE_NOCACHING</option>
				</field>

				<field
					name="cache_time"
					type="text"
					default="900"
					label="COM_MODULES_FIELD_CACHE_TIME_LABEL"
					description="COM_MODULES_FIELD_CACHE_TIME_DESC" />
				<field
					name="cachemode"
					type="hidden"
					default="static">
					<option
						value="static"></option>
				</field>
			</fieldset>
		</fields>
	</config>
</extension>